seq_id,USFLUX_log_mean,USFLUX_log_std,TOTPOT_log_mean,TOTPOT_log_std,PIL_LEN_log_mean,PIL_LEN_log_std,MEANSHR_mean,MEANSHR_std,TOTFZ_mean,TOTFZ_std,EPSZ_mean,EPSZ_std,R_VALUE_mean,R_VALUE_std,USFLUX_log_roll_mean5_mean,USFLUX_log_roll_mean5_std,USFLUX_log_roll_std5_mean,USFLUX_log_roll_std5_std,TOTPOT_log_diff1_mean,TOTPOT_log_diff1_std,MEANSHR_lag3_mean,MEANSHR_lag3_std
21,48.94302491,3.274205055,50.65890316,3.648012802,2.241123686,2.481762897,26.77127022,8.073488037,-2.492073298e+24,4.014320652e+24,-0.515357821,0.175991794,1.609223894,1.875692666,48.98932099,2.188747069,0.231431008,2.14788149,-0.04703571,2.996742914,26.8206296,8.023180086
7,48.99397364,2.925782567,50.71703531,3.313097148,2.240705712,2.476464865,26.85791559,8.017040402,-2.494723436e+24,4.026054934e+24,-0.514536466,0.174920461,1.619240205,1.875086187,49.01326657,2.110451427,0.204215619,1.958955687,-0.019886112,2.732338602,26.85708177,8.015160539
15,49.01590416,2.710730206,50.73770438,3.112928756,2.247291718,2.482472993,26.84018696,8.001894155,-2.497692148e+24,4.025841245e+24,-0.515581682,0.174774795,1.616669105,1.875310304,49.00213699,2.040924796,0.274081969,2.177231729,0.029714927,3.064490365,26.84266626,8.009013003
6,49.01344072,2.748874546,50.73692142,3.146395464,2.237061918,2.479937273,26.87716047,8.007451859,-2.495167815e+24,4.027499095e+24,-0.514731513,0.174751798,1.625240423,1.873635812,49.01774133,2.105941029,0.19439045,1.886856644,-0.013715487,2.725870121,26.861286,7.991292904
58,49.00984364,2.76730974,50.7370112,3.16303106,2.248475425,2.478206331,26.92971447,8.013442758,-2.489260917e+24,4.035733523e+24,-0.513931711,0.174927816,1.625239058,1.872518964,49.00774055,2.258757173,0.169582733,1.833122501,-0.007733029,2.305621939,26.92721855,8.000453597
29,48.81620564,4.116763566,50.5323205,4.468206068,2.239364475,2.480846385,26.77864867,8.205825871,-2.482792139e+24,4.027414253e+24,-0.512690883,0.17824505,1.611295974,1.874064563,48.85746584,2.6371084,0.51346251,3.135716666,-0.180789877,4.486325458,26.7464609,8.17080845
32,48.89316342,3.585154801,50.61923179,3.945478182,2.260242099,2.483854924,26.9553773,8.149273075,-2.481315773e+24,4.042612275e+24,-0.511987898,0.177852528,1.622743027,1.871426883,48.92129276,2.375576448,0.443625702,2.739244623,-0.051637792,3.343790939,26.77864867,8.205825871
9,49.0351069,2.55831031,50.76065028,2.968655455,2.245613733,2.476465467,26.89438619,7.976153786,-2.497663754e+24,4.028326687e+24,-0.514934897,0.174321026,1.620378727,1.874606491,49.01481735,2.194364594,0.174484918,1.834190245,0.031073448,2.217445682,26.87716047,8.007451859
25,48.69989529,4.755385437,50.40595669,5.10301463,2.230590408,2.481110854,26.64208122,8.285063307,-2.481160628e+24,4.007587515e+24,-0.512761627,0.179515683,1.607741966,1.874646138,48.84499296,2.990034868,0.375070065,2.842281504,-0.084208569,3.959929371,26.75540952,8.098111047
39,48.98731044,2.909232845,50.71510237,3.296236437,2.255837163,2.482189311,26.96498238,8.046290471,-2.48342445e+24,4.033730412e+24,-0.513403939,0.175434159,1.623651288,1.871620188,48.97187285,2.405674936,0.209150935,2.036598968,0.033097357,2.943735354,26.98312143,8.044033669
44,48.98912548,2.925587213,50.71741521,3.311334943,2.251827383,2.480026868,26.95229387,8.036648344,-2.486394533e+24,4.036524243e+24,-0.51348435,0.175269131,1.626712296,1.870415396,49.00787112,2.206327364,0.174885478,1.839778616,-0.009171615,2.544789952,26.97439923,8.011493639
11,49.00984452,2.769991897,50.73277983,3.166578531,2.239032668,2.479814178,26.86457017,7.992438424,-2.493261775e+24,4.022358216e+24,-0.514978732,0.174777315,1.620973443,1.873942446,49.01595336,2.125668269,0.202339021,1.901771869,-0.026205524,2.951651812,26.88091609,8.011282314
0,49.00923332,2.77063628,50.7307402,3.16753051,2.236451059,2.482361393,26.84602969,7.994766479,-2.493947265e+24,4.023756295e+24,-0.515244503,0.174767656,1.613457019,1.876201011,49.00923332,2.77063628,0.0,0.0,0.0,0.0,0.0,0.0
2,49.01634744,2.709390095,50.73826228,3.110868828,2.238649415,2.481299847,26.85796485,8.008409779,-2.494291968e+24,4.020979441e+24,-0.515229035,0.174834363,1.618068856,1.874766596,49.00795414,2.338899974,0.145634092,1.844154362,0.018827927,2.591322136,0.0,0.0
30,48.96082326,3.166529059,50.68529857,3.540853561,2.240917683,2.476855652,26.89527054,8.059171649,-2.491269189e+24,4.038481409e+24,-0.513466918,0.176256398,1.618450902,1.873442576,48.90965143,2.366762045,0.466140374,2.901105604,0.15297807,4.545726599,26.80638053,8.049860193
59,49.02910775,2.600534551,50.7550523,3.00800143,2.252347605,2.475597058,26.92933118,7.996406091,-2.492930256e+24,4.037385236e+24,-0.514478619,0.174529532,1.623419229,1.872946757,49.01580809,2.18685371,0.171281067,1.804328353,0.0180411,2.800023203,26.92663238,8.01795382
42,49.01612198,2.686525355,50.74437742,3.086928188,2.250274094,2.484224275,26.95473393,8.009995222,-2.487177615e+24,4.034855833e+24,-0.513835171,0.174919548,1.625483167,1.872043761,48.99877991,2.254844537,0.183808011,1.88872407,0.000101098,2.352350419,26.96498238,8.046290471
12,49.0053509,2.81082021,50.72772129,3.205711974,2.242072258,2.479364171,26.84266626,8.009013003,-2.494063009e+24,4.023392338e+24,-0.515221665,0.174964665,1.620325501,1.874179013,49.01822881,2.04726806,0.219631122,1.963011845,-0.00505854,3.207386271,26.89438619,7.976153786
4,49.00233662,2.830523352,50.72474822,3.22413109,2.2383797,2.480344013,26.85708177,8.015160539,-2.493521622e+24,4.023770822e+24,-0.514880646,0.174861687,1.62083385,1.873146685,49.01134283,2.183257362,0.177979502,1.869070141,-0.028361403,2.40272854,26.85167421,8.015206266
26,48.8235472,4.089374564,50.53786908,4.441575872,2.241384723,2.47749311,26.7464609,8.17080845,-2.48503436e+24,4.007392069e+24,-0.513377593,0.177561342,1.60781939,1.876371351,48.82109742,3.079616241,0.423678042,2.976191716,0.131912391,4.631621027,26.73593753,8.13964358
16,49.03466522,2.518749617,50.75546088,2.934256835,2.246845407,2.482179861,26.84381347,7.989739988,-2.49746024e+24,4.024936964e+24,-0.51595509,0.174532485,1.618296729,1.875020463,49.00710113,2.0541493,0.244239586,2.0871374,0.017756502,2.400305577,26.835196,8.026929291
48,49.02012835,2.705593692,50.74539077,3.105270927,2.24524164,2.475241867,26.91810409,7.996940746,-2.495549894e+24,4.033427189e+24,-0.514433955,0.174608458,1.622943467,1.872364895,48.99678966,2.176269595,0.263664766,2.078391864,0.006240986,2.594034356,26.94482597,8.063719992
53,49.01950797,2.705997842,50.74631043,3.106276593,2.249312232,2.479936204,26.92717119,8.007988251,-2.495702875e+24,4.039378485e+24,-0.514333458,0.174608708,1.622512868,1.872819328,49.03018779,2.128151019,0.153105294,1.6719376,0.006386716,2.737868752,26.93550484,7.98751332
13,48.99191351,2.910495461,50.7117549,3.300672453,2.242103806,2.483589634,26.835196,8.026929291,-2.494803248e+24,4.022326091e+24,-0.515463798,0.175138323,1.619891642,1.875728079,49.01551176,2.009651051,0.247810873,2.036851512,-0.015966391,3.276393518,26.87701028,7.993274264
5,49.02606674,2.64424206,50.75063691,3.048667775,2.246757907,2.475710128,26.89132506,7.993100014,-2.496266253e+24,4.027338269e+24,-0.51472113,0.174507035,1.620534351,1.873477069,49.01470952,2.129745515,0.193571275,1.898700165,0.025888696,2.869337994,26.85796485,8.008409779
20,48.98776152,2.93165403,50.70593887,3.32084606,2.244415741,2.480945419,26.81755273,8.046128595,-2.495207087e+24,4.018054553e+24,-0.515639833,0.175390219,1.613194444,1.876298107,49.00764905,2.153284745,0.192457259,1.93076872,-0.012969995,2.967374605,26.82847156,8.023186858
40,49.02047294,2.624566483,50.74916367,3.029565472,2.259372034,2.480948687,26.97115027,8.009595554,-2.485972555e+24,4.034936214e+24,-0.513800478,0.174858983,1.623563157,1.872397748,48.98408795,2.346491606,0.193392059,1.94999287,0.034061302,2.206592562,26.96654478,8.055884592
35,48.95939743,3.114880916,50.68858683,3.490800191,2.265730556,2.485959549,26.99458734,8.098449982,-2.481577454e+24,4.036032537e+24,-0.512670047,0.176496723,1.622899102,1.873006618,48.91838755,2.660093233,0.307153763,2.373528558,0.032631244,2.894375371,26.9553773,8.149273075
23,48.8745088,3.750940486,50.58731162,4.110370786,2.235094607,2.482881166,26.73593753,8.13964358,-2.489682493e+24,4.011070893e+24,-0.514757611,0.177045866,1.609290033,1.876001813,48.94625973,2.406920015,0.284731623,2.431047759,-0.053581792,3.234818994,26.81755273,8.046128595
46,49.00075913,2.847159563,50.72862344,3.237057421,2.248789251,2.478634676,26.9487193,8.017946617,-2.489964995e+24,4.038634024e+24,-0.513674123,0.175011335,1.623892999,1.872353887,48.99328629,2.180905256,0.252597226,2.101330286,0.039822156,3.450831993,26.9476267,8.02398579
47,49.01203031,2.747375187,50.73914978,3.143509592,2.247932102,2.478738581,26.93789451,8.007127686,-2.492692139e+24,4.039732947e+24,-0.514198263,0.174838715,1.624942575,1.870813042,48.99245185,2.20279615,0.253773173,2.092273575,0.010526343,2.731013297,26.95240334,8.036819966
41,49.01527527,2.687524929,50.74427632,3.087570149,2.253374524,2.482156569,26.97439923,8.011493639,-2.486866001e+24,4.034671143e+24,-0.513682312,0.174906521,1.625104668,1.872512273,48.9886526,2.321618077,0.190826529,1.935637161,-0.004887351,2.133311401,26.95327973,8.072230109
49,49.05391536,2.374479064,50.78070864,2.799686541,2.249322507,2.476029017,26.94785068,7.973150019,-2.497859094e+24,4.039272211e+24,-0.514802239,0.174071013,1.621178976,1.872746067,49.00973208,2.121908444,0.244501949,1.972768521,0.035317868,2.292034625,26.9487193,8.017946617
57,49.01723604,2.705588448,50.74474423,3.105142401,2.249347274,2.477581444,26.94240805,8.00593198,-2.490357208e+24,4.038299442e+24,-0.514026679,0.17482287,1.621864836,1.873697047,49.00967341,2.223493815,0.186792209,1.862233321,0.012865672,2.479960301,26.91550839,8.029911251
56,49.00524645,2.82639404,50.73187856,3.218624733,2.253156345,2.478968137,26.92663238,8.01795382,-2.492307409e+24,4.041225866e+24,-0.514070726,0.175000057,1.619965502,1.873438754,49.00902283,2.218103685,0.189246966,1.885072903,-0.012442543,2.082643223,26.92717119,8.007988251
36,48.99245199,2.833940293,50.7215202,3.225324084,2.259311221,2.483360486,26.98312143,8.044033669,-2.480618325e+24,4.032156481e+24,-0.513216496,0.17572836,1.624364249,1.871337924,48.92769716,2.630864662,0.266306747,2.288335024,0.032933373,2.44142948,26.94657406,8.173180481
22,48.92671136,3.391892243,50.64089341,3.761394821,2.237582574,2.481710313,26.75540952,8.098111047,-2.491904065e+24,4.013768922e+24,-0.51521747,0.176251464,1.612146635,1.875476277,48.97267919,2.248494558,0.258830641,2.291447334,-0.018009752,3.148863973,26.81833139,8.03305425
45,48.96182727,3.114748558,50.68880129,3.491296121,2.251830698,2.477008344,26.94482597,8.063719992,-2.485622151e+24,4.031351798e+24,-0.513333514,0.17617212,1.622554597,1.871292645,48.99620591,2.189596992,0.235828653,2.038518863,-0.028709471,3.520258211,26.95486386,8.01015962
14,48.98767186,2.948819995,50.70798946,3.336839124,2.244173296,2.482249027,26.83154058,8.032781433,-2.495369403e+24,4.025936659e+24,-0.515281948,0.175231771,1.617638666,1.875576758,49.00602475,2.021925672,0.270915118,2.147685581,-0.003765448,3.455114188,26.86457017,7.992438424
38,48.95471894,3.167107755,50.68200501,3.540877837,2.261447983,2.481631697,26.95327973,8.072230109,-2.483440839e+24,4.037366324e+24,-0.513018696,0.176049668,1.620781099,1.872162436,48.95994817,2.477258798,0.217667058,2.093508995,-0.01198253,2.620295764,26.99458734,8.098449982
28,48.99036754,2.94619464,50.71311038,3.332353375,2.241979852,2.477818837,26.86820601,8.021279601,-2.497133702e+24,4.029544518e+24,-0.514536656,0.174949686,1.619102236,1.874102504,48.85038959,2.739583682,0.49011938,3.096509436,0.036757349,3.742198687,26.64208122,8.285063307
33,48.8657859,3.751604524,50.59151762,4.108002325,2.256862643,2.487782783,26.94657406,8.173180481,-2.476136342e+24,4.03504875e+24,-0.511715495,0.178069078,1.620733684,1.871797323,48.89637643,2.548884196,0.451739546,2.788692647,-0.027714176,3.296793385,26.89527054,8.059171649
31,48.94590396,3.238995532,50.67086958,3.610930813,2.251400675,2.484316263,26.92525831,8.084508343,-2.486879353e+24,4.036589894e+24,-0.513110729,0.176750155,1.623019023,1.872239802,48.93412278,2.273787061,0.434892975,2.724636133,-0.014428985,3.556266172,26.86820601,8.021279601
24,48.78082442,4.315971093,50.49016526,4.666147394,2.234606658,2.480826525,26.67972122,8.218551095,-2.484351593e+24,4.00743046e+24,-0.51378815,0.178369165,1.605979264,1.87454858,48.9025662,2.674654554,0.318620233,2.61568425,-0.097146363,3.557792402,26.77127022,8.073488037
34,48.92768704,3.341413941,50.65595559,3.709168853,2.262234487,2.484908092,26.97557843,8.121527645,-2.479087136e+24,4.033968873e+24,-0.512221377,0.177081817,1.62192446,1.872619867,48.91867271,2.594706911,0.352607528,2.472705661,0.064437973,3.233951258,26.92525831,8.084508343
37,48.96548544,3.077860456,50.69398754,3.455851388,2.260729941,2.481956383,26.96654478,8.055884592,-2.481012036e+24,4.03310439e+24,-0.512992224,0.175915872,1.625479864,1.871439908,48.94216156,2.550814834,0.24291537,2.21847913,-0.027532665,2.620398021,26.97557843,8.121527645
55,49.01760656,2.705841588,50.7443211,3.105808966,2.253091304,2.476440852,26.92721855,8.000453597,-2.49244889e+24,4.040156812e+24,-0.514234256,0.17476031,1.621040811,1.872978909,49.01362534,2.197600866,0.180193529,1.841513711,0.029579791,2.204712271,26.92567136,8.004739696
52,49.01398314,2.747104985,50.73992371,3.143980055,2.249310957,2.478622579,26.92567136,8.004739696,-2.493936034e+24,4.037062346e+24,-0.514343153,0.174740148,1.623346806,1.872479786,49.03031187,2.093602069,0.164601275,1.724382274,-0.01487712,2.201778108,26.94785068,7.973150019
43,48.99835992,2.848253317,50.72658683,3.238252795,2.255165773,2.479254251,26.94748252,8.023826244,-2.487120637e+24,4.036431062e+24,-0.513668513,0.175152144,1.624601238,1.871983733,49.00750811,2.221642649,0.169689116,1.810515926,-0.017790587,2.530513152,26.97115027,8.009595554
19,48.99929205,2.833905157,50.71890887,3.229095165,2.244160412,2.482661692,26.81833139,8.03305425,-2.495445073e+24,4.019349049e+24,-0.515625578,0.17508758,1.612576904,1.875439335,49.01327758,2.153591594,0.178847986,1.849192691,-0.008040131,2.686365262,26.84381347,7.989739988
54,48.98877005,2.962677634,50.71474131,3.347233442,2.251934738,2.477623198,26.91550839,8.029911251,-2.49229172e+24,4.039522659e+24,-0.513857523,0.175185733,1.615208947,1.873378899,49.01715873,2.173327271,0.181912597,1.824204207,-0.031569121,2.96121279,26.92688745,7.993586391
3,49.03051514,2.581769353,50.75310962,2.992533815,2.238031046,2.48053429,26.861286,7.991292904,-2.494558743e+24,4.021887315e+24,-0.515342374,0.174609086,1.62203603,1.873821443,49.01359439,2.241647791,0.15315814,1.802885686,0.014847338,2.121044597,26.84602969,7.994766479
1,48.99828165,2.870227294,50.71943435,3.261283548,2.236847907,2.482895198,26.85167421,8.015206266,-2.49538196e+24,4.024575777e+24,-0.515083573,0.175068363,1.620430918,1.874136331,49.00375748,2.485978807,0.126202145,1.881111668,-0.011305851,2.758118435,0.0,0.0
50,49.03527351,2.557221273,50.76220949,2.967155759,2.253890514,2.475020693,26.93550484,7.98751332,-2.495857629e+24,4.03741362e+24,-0.51439569,0.174451574,1.621266385,1.873289565,49.02442133,2.106350102,0.19781051,1.789818374,-0.018499143,2.086308335,26.93789451,8.007127686
10,49.03534298,2.538350853,50.75898536,2.952211892,2.239200547,2.479828505,26.87701028,7.993274264,-2.497398874e+24,4.03036927e+24,-0.515302246,0.174531712,1.621968875,1.874791996,49.0166726,2.169420112,0.184599907,1.832909877,-0.001664919,2.504505123,26.85791559,8.017040402
51,49.02825898,2.621620413,50.75480083,3.027346824,2.246975513,2.477672466,26.92688745,7.993586391,-2.496869046e+24,4.042811807e+24,-0.514564131,0.174471241,1.626214684,1.871833399,49.0299213,2.079793498,0.183128293,1.743409071,-0.007408663,2.242754254,26.91810409,7.996940746
18,49.00660612,2.773716497,50.726949,3.172773732,2.244727296,2.481957966,26.8206296,8.023180086,-2.495965069e+24,4.020384622e+24,-0.515702128,0.174973317,1.617598771,1.875462962,49.01095354,2.144653439,0.191476868,1.90501918,-0.003734955,2.191536454,26.84018696,8.001894155
27,48.9573135,3.183929551,50.67635303,3.560036715,2.236644595,2.480679972,26.80638053,8.049860193,-2.490256298e+24,4.019651802e+24,-0.51487165,0.175525193,1.615987911,1.872849858,48.82721784,2.962295869,0.464287329,3.060657939,0.138483948,4.347421477,26.67972122,8.218551095
17,49.00992033,2.752888541,50.73068395,3.152366898,2.24145402,2.482620568,26.82847156,8.023186858,-2.496662722e+24,4.022911999e+24,-0.515609208,0.174887055,1.618854016,1.876269229,49.00801502,2.096458115,0.220474147,2.016705113,-0.024776929,2.139543262,26.83154058,8.032781433
8,49.00549876,2.828504346,50.72957683,3.220694019,2.239197567,2.475251718,26.88091609,8.011282314,-2.49499953e+24,4.025861434e+24,-0.514636043,0.174809661,1.620831877,1.873919014,49.0082633,2.165128538,0.202847821,1.969639335,0.012541517,2.376772604,26.89132506,7.993100014
26,48.82253003,4.053828624,50.53913371,4.409206267,2.223871827,2.481435516,26.7782352,8.230959342,-2.483255029e+24,4.041463492e+24,-0.512846465,0.178513602,1.61591034,1.874451556,48.82706113,3.038791448,0.401700345,2.89815212,0.115002384,4.423145392,26.7837523,8.187445079
53,49.00701015,2.749989564,50.73505247,3.149635771,2.235789713,2.480016473,26.95485895,8.067175344,-2.485619744e+24,4.048651388e+24,-0.513515162,0.175739477,1.619845827,1.873192963,49.02086911,2.087345759,0.167174689,1.756978034,-0.016943701,2.750575793,26.97458658,8.057102307
52,49.023189,2.59205799,50.75199617,3.001938658,2.235521854,2.478390604,26.96564128,8.04788707,-2.483245709e+24,4.045509245e+24,-0.513636974,0.175449575,1.622917063,1.872410483,49.0226823,2.055737223,0.171602409,1.770970877,0.007707845,2.276284377,26.95849007,8.045791177
35,48.95189622,3.099919913,50.68153601,3.480809479,2.246781251,2.480680928,27.02092997,8.158369097,-2.46718835e+24,4.036571217e+24,-0.512080893,0.177476084,1.631553242,1.869484402,48.89515205,2.692773602,0.329803082,2.502208165,0.050456382,2.757996847,26.97064507,8.242682978
1,49.03639498,2.442104256,50.76095912,2.867190807,2.235120682,2.478554407,26.91077154,8.040156011,-2.492341254e+24,4.046060646e+24,-0.514952224,0.175335351,1.623630857,1.872940499,49.01545924,2.345677965,0.111834963,1.727880721,0.043292697,2.517853706,0.0,0.0
55,49.0263733,2.554011838,50.75591175,2.966777693,2.236660114,2.478597863,26.987494,8.057358567,-2.482687774e+24,4.047028918e+24,-0.513546607,0.175471125,1.622395201,1.871944923,49.01881393,2.069287544,0.176936453,1.813838317,0.004881066,2.236168142,26.96564128,8.04788707
58,49.00610702,2.738180164,50.73545627,3.137882328,2.238820305,2.479136025,26.98374285,8.075210428,-2.480676126e+24,4.047107613e+24,-0.513248825,0.175862531,1.622263843,1.872267077,49.01433718,2.14182012,0.160503698,1.767596546,0.00213665,2.391673867,26.987494,8.057358567
50,49.03114523,2.515754318,50.76040639,2.93281015,2.238722428,2.47781861,26.97458658,8.057102307,-2.482825563e+24,4.042206058e+24,-0.513768539,0.175493084,1.620847157,1.872907053,49.01684136,2.047013277,0.207122912,1.864734277,0.004178531,2.286873374,26.9921439,8.067708539
32,48.86735584,3.692346566,50.59475761,4.05302322,2.245150153,2.481111768,26.97064507,8.242682978,-2.464534816e+24,4.04086653e+24,-0.510907407,0.179038693,1.625608721,1.869528126,48.92865922,2.271667498,0.425854961,2.679870111,-0.038100911,3.718290679,26.87931293,8.164815896
56,49.01301587,2.678146145,50.74232077,3.081861909,2.236108271,2.479321872,26.98287262,8.065658046,-2.481858321e+24,4.046528539e+24,-0.513346292,0.175666752,1.623158292,1.87042447,49.01829629,2.058589614,0.183999264,1.832783176,-0.013590982,2.113469929,26.95485895,8.067175344
8,49.03241265,2.505142431,50.75879446,2.923923986,2.238554887,2.477147717,26.93320396,8.038120978,-2.490596139e+24,4.048847633e+24,-0.514518506,0.175366588,1.621932327,1.873346902,49.02741532,2.006498889,0.168105297,1.754775024,0.00299708,1.983409104,26.92885621,8.038339524
22,48.91616451,3.426362621,50.63410253,3.797151801,2.232247608,2.487239701,26.80821974,8.155878872,-2.4878102e+24,4.041682125e+24,-0.514223765,0.177302199,1.618174245,1.874915704,48.96397202,2.300322753,0.249400634,2.248165424,-0.031130887,3.023078499,26.85110757,8.082568569
33,48.84748711,3.804872209,50.57494573,4.162482419,2.245723245,2.480141885,26.97701037,8.266452912,-2.460722403e+24,4.03317284e+24,-0.510678266,0.179841244,1.624721818,1.869559209,48.89683619,2.462326603,0.446121406,2.791284319,-0.019811889,3.408261451,26.93380691,8.123293088
23,48.87837178,3.680740334,50.59396082,4.044325353,2.231897787,2.484124667,26.7837523,8.187445079,-2.485250003e+24,4.040320673e+24,-0.513888859,0.177830361,1.617078398,1.874105271,48.93996195,2.449548142,0.266695844,2.369922474,-0.040141713,3.133432913,26.83664217,8.10270905
45,48.93595094,3.260900262,50.6644728,3.635216315,2.241300555,2.48039506,26.97099561,8.17097132,-2.473523716e+24,4.039990139e+24,-0.512138417,0.177918497,1.624121138,1.871180586,48.98092993,2.229959857,0.244538794,2.098944432,-0.052695519,3.578491571,27.00924683,8.092421477
46,48.98718999,2.899309828,50.71593088,3.289343502,2.2397715,2.479291989,26.98170087,8.096942842,-2.479090646e+24,4.045673035e+24,-0.512874739,0.176187803,1.619438158,1.871927543,48.98031804,2.206108779,0.260444523,2.14691319,0.051458086,3.660236351,26.9938235,8.087211881
12,48.99861377,2.800590781,50.72175951,3.199059488,2.231918014,2.477763029,26.88556019,8.080990008,-2.492040175e+24,4.048120182e+24,-0.514487107,0.175836174,1.620634133,1.873921453,49.01625613,2.027152691,0.207486569,1.900239932,-0.032583782,2.99121024,26.91727521,8.054421481
57,49.0042966,2.749601489,50.73331962,3.14843376,2.234371308,2.479049515,26.98019007,8.076853591,-2.47931309e+24,4.044487788e+24,-0.513336613,0.175819232,1.622363144,1.871311606,49.01451781,2.096444066,0.184852138,1.836459236,-0.009001146,2.372720992,26.98069062,8.069466025
21,48.94629778,3.20204124,50.66523342,3.581226382,2.231989368,2.485749265,26.83034699,8.126690474,-2.488082147e+24,4.041002654e+24,-0.514593637,0.17683601,1.619563053,1.874248235,48.97990125,2.224892013,0.229204465,2.125650613,-0.022970155,2.901852632,26.86662942,8.081724659
59,49.01556012,2.665379844,50.74436187,3.069648615,2.235399085,2.477975743,26.97273682,8.059670602,-2.482741013e+24,4.046319425e+24,-0.513497991,0.175558756,1.620929267,1.872040714,49.01307058,2.11915161,0.17372538,1.822306063,0.008905595,2.898483297,26.98287262,8.065658046
29,48.9053337,3.508614004,50.62801562,3.874601504,2.234055118,2.480263323,26.87931293,8.164815896,-2.480635168e+24,4.037950894e+24,-0.512741527,0.177586617,1.623819853,1.873509057,48.87958047,2.538098548,0.467952883,2.957102779,-0.102663345,3.83778406,26.77833279,8.231049111
14,48.97132481,3.013758393,50.69229626,3.401046657,2.228116364,2.483184742,26.85121668,8.110839295,-2.489038143e+24,4.041454149e+24,-0.514423986,0.176306761,1.62217487,1.873608447,48.99948762,2.030138761,0.264247829,2.121780374,-0.019677655,3.460368926,26.92872163,8.04804946
9,49.01390776,2.680241535,50.73906228,3.085764923,2.235229313,2.477788639,26.91727521,8.054421481,-2.490007631e+24,4.050564716e+24,-0.514382335,0.175574653,1.622672951,1.872670022,49.02491715,2.063420904,0.157169274,1.718641421,-0.019732179,2.303689539,26.92299935,8.047470924
37,48.98163076,2.881514624,50.71228112,3.27339495,2.248421483,2.481609532,27.01953253,8.128199806,-2.470956172e+24,4.038177375e+24,-0.51249833,0.176939574,1.625448059,1.871737834,48.92966939,2.539006236,0.254076617,2.284734575,0.017098681,2.694034519,27.00045864,8.210729545
3,49.03352616,2.480788447,50.75860107,2.902005679,2.2344184,2.476169512,26.91950182,8.042975978,-2.493303711e+24,4.050178929e+24,-0.514777955,0.175349617,1.621874597,1.873818242,49.02263414,2.112128318,0.140892312,1.706440285,0.008433422,2.086570529,26.88937899,8.084033591
28,49.0065228,2.729595768,50.73058959,3.131936745,2.236922315,2.478459514,26.91036789,8.066800144,-2.488477172e+24,4.046115716e+24,-0.514375639,0.175956493,1.623679854,1.873575522,48.85935325,2.701991044,0.456974813,2.979456052,0.059615033,3.559011118,26.70100234,8.317711151
17,48.99581064,2.802446423,50.71708266,3.202241884,2.23309513,2.481157857,26.86346965,8.082699491,-2.4893477e+24,4.040260142e+24,-0.514888734,0.176084775,1.623582558,1.873026724,48.99769353,2.123827308,0.217218647,2.008022943,-0.02351835,2.396611145,26.85121668,8.110839295
4,49.0263986,2.557686878,50.75149039,2.972493395,2.236480201,2.47660916,26.92648101,8.049114811,-2.492676879e+24,4.050152583e+24,-0.514613416,0.175414478,1.623331942,1.873100341,49.02338703,2.053607625,0.155180571,1.731952547,-0.007110684,2.292770684,26.91077154,8.040156011
39,48.96413813,3.043364093,50.69376637,3.42651192,2.243062966,2.48025901,26.99716255,8.123386493,-2.471808385e+24,4.038680008e+24,-0.512476631,0.17673316,1.626815045,1.87070082,48.96692228,2.345792719,0.217799697,2.083829551,-0.008221329,2.818985748,27.01715141,8.14488624
30,48.95743757,3.128373838,50.68310437,3.507564033,2.233506374,2.479032559,26.93380691,8.123293088,-2.480154244e+24,4.044291965e+24,-0.513068408,0.176876597,1.621138477,1.871564724,48.92830365,2.263185024,0.426547753,2.734159359,0.055088755,4.043510887,26.85740523,8.123073648
31,48.90656673,3.473001296,50.63285852,3.839520918,2.245619326,2.477873374,26.93949455,8.182379606,-2.473567048e+24,4.041208188e+24,-0.512073137,0.177903872,1.623930274,1.871865543,48.94509882,2.176481917,0.412414199,2.621564261,-0.050245848,3.911680243,26.91050137,8.066868233
36,48.96487851,3.003859089,50.69518244,3.389022497,2.247746522,2.480203161,27.01715141,8.14488624,-2.468799171e+24,4.038474817e+24,-0.512305416,0.177272361,1.628220832,1.870345017,48.90681441,2.663869192,0.284952658,2.392389494,0.013646431,2.835162883,26.97701037,8.266452912
5,49.02893392,2.543674484,50.75458879,2.958920605,2.234768451,2.477132974,26.92885621,8.038339524,-2.491491289e+24,4.05046929e+24,-0.514543375,0.175418121,1.62568897,1.872521999,49.03026911,1.978079449,0.169191719,1.727316536,0.003098396,2.704359745,26.90502779,8.052026754
44,48.98762711,2.877139287,50.7172236,3.268112858,2.239767942,2.480472155,26.9930715,8.098454128,-2.475959591e+24,4.044188245e+24,-0.512748169,0.176241085,1.623409931,1.871208575,48.99188121,2.247163827,0.184903529,1.918939802,-0.00731101,2.435701996,27.00734842,8.104839312
10,49.00651199,2.740723908,50.73115116,3.142782988,2.233209544,2.480927941,26.89765084,8.073562677,-2.490407934e+24,4.046663081e+24,-0.514302788,0.175752533,1.619286933,1.872800736,49.02043276,2.07170132,0.17535884,1.779116745,-0.007911124,2.704433416,26.93524764,8.044483351
34,48.90245435,3.456335889,50.63107963,3.823621746,2.246845148,2.480909506,27.00045864,8.210729545,-2.464699443e+24,4.03532881e+24,-0.511440398,0.178421921,1.625617115,1.87008545,48.89626032,2.599452111,0.382498823,2.6239904,0.056133901,3.19237312,26.93949455,8.182379606
27,48.9494741,3.199932603,50.67097456,3.577821889,2.229505266,2.481913546,26.85721763,8.123044112,-2.487587472e+24,4.046289256e+24,-0.513912505,0.176651635,1.617671078,1.874047524,48.83372305,2.926990758,0.440880343,2.970960052,0.131840851,4.386569517,26.74016349,8.239601617
49,49.02739713,2.554875649,50.75622786,2.969096562,2.227758112,2.481506952,26.95849007,8.045791177,-2.484975391e+24,4.045450952e+24,-0.513809982,0.175432851,1.620284378,1.87337184,48.9978025,2.078307372,0.264722153,2.089480039,0.01231177,2.400281738,26.98170087,8.096942842
54,49.02189313,2.60458277,50.75103068,3.013819901,2.234113807,2.480012796,26.98069062,8.069466025,-2.483060467e+24,4.046244386e+24,-0.513477774,0.1756147,1.622488003,1.872214056,49.01976831,2.071785936,0.177368861,1.796790784,0.015978218,2.810967681,26.96546446,8.059927513
0,48.9945235,2.835090755,50.71766642,3.231296695,2.236089067,2.476266229,26.88937899,8.084033591,-2.491008114e+24,4.046820359e+24,-0.514394892,0.175972094,1.620775652,1.874482495,48.9945235,2.835090755,0.0,0.0,0.0,0.0,0.0,0.0
51,49.01560406,2.665849089,50.74428832,3.070434702,2.233360605,2.480764966,26.96546446,8.059927513,-2.483429515e+24,4.044710211e+24,-0.51351649,0.175552632,1.624689122,1.871694966,49.02252418,2.025615559,0.191640506,1.807558516,-0.016118064,2.494435621,26.95513393,8.060134699
24,48.80447872,4.134301845,50.51704041,4.488827285,2.229654712,2.486292046,26.74016349,8.239601617,-2.481163325e+24,4.036330389e+24,-0.51324672,0.178694218,1.614518241,1.874762599,48.90274081,2.668410439,0.299436648,2.54173964,-0.076920411,3.548980376,26.83034699,8.126690474
41,48.9902962,2.843994936,50.72072844,3.237609196,2.242895894,2.478909064,27.00734842,8.104839312,-2.473767918e+24,4.039352432e+24,-0.512765294,0.176355046,1.623637012,1.87094578,48.97973131,2.332333865,0.193268289,1.949704375,-0.000187076,2.499708328,27.01085555,8.128089848
11,49.02983448,2.519410254,50.7543433,2.937433063,2.235950468,2.476915422,26.92872163,8.04804946,-2.492566256e+24,4.049461969e+24,-0.51467731,0.175400187,1.620901634,1.873625747,49.02253771,2.025984851,0.18792054,1.807009348,0.023192138,2.891704904,26.93320396,8.038120978
18,48.99842214,2.778894928,50.71965232,3.180098565,2.231929516,2.482573314,26.86662942,8.081724659,-2.487965711e+24,4.038698675e+24,-0.514879747,0.17607045,1.621676527,1.874196354,48.99914735,2.146517557,0.197856821,1.955181439,0.002569655,2.608055696,26.88066488,8.07251919
15,49.01179634,2.659924404,50.7339634,3.069213388,2.226387407,2.484184872,26.88066488,8.07251919,-2.490419766e+24,4.043189311e+24,-0.514922248,0.175754599,1.625801396,1.873308944,49.00054449,2.015576307,0.260211895,2.113916942,0.041667131,2.877606831,26.88556019,8.080990008
13,48.99115302,2.847378151,50.71197392,3.243529632,2.233679214,2.479724848,26.87323727,8.079446416,-2.488744082e+24,4.043227237e+24,-0.514704694,0.176006023,1.622458263,1.874559738,49.00800421,2.01352434,0.244387146,2.030033191,-0.009785595,3.290553039,26.89765084,8.073562677
19,48.99058445,2.837410991,50.71087243,3.235782434,2.232865149,2.483635777,26.85110757,8.082568569,-2.487063004e+24,4.039141679e+24,-0.515039372,0.176140096,1.621109934,1.87405296,49.00299928,2.140732358,0.184627487,1.897536424,-0.008779887,2.66910854,26.87648679,8.05734165
7,49.03002167,2.531106009,50.75579738,2.947495642,2.232796697,2.479583081,26.93524764,8.044483351,-2.492180609e+24,4.049363257e+24,-0.514508582,0.175343394,1.623207938,1.873149206,49.02763802,1.967259937,0.180297057,1.799872637,0.011470233,2.448295712,26.92648101,8.049114811
38,48.97206776,2.979011043,50.7019877,3.365570113,2.246002241,2.479558729,27.01085555,8.128089848,-2.470629041e+24,4.03564782e+24,-0.512375517,0.176831015,1.625978829,1.870649285,48.95458552,2.414480432,0.226244838,2.145174864,-0.010293424,2.460089808,27.02092997,8.158369097
2,49.0260919,2.546110507,50.75016765,2.962508743,2.234239284,2.479284902,26.90502779,8.052026754,-2.492429004e+24,4.047241343e+24,-0.514795924,0.175436385,1.627511859,1.873286456,49.01900346,2.196683982,0.131893916,1.728321296,-0.010791467,2.172474473,0.0,0.0
6,49.01930973,2.620265642,50.74432715,3.029784225,2.234961441,2.479002927,26.92299935,8.047470924,-2.491244608e+24,4.051274402e+24,-0.514419847,0.175464814,1.619365348,1.873262026,49.02685206,1.965884367,0.184051089,1.806648905,-0.010261638,2.760302813,26.91950182,8.042975978
40,48.99052371,2.832873161,50.72091552,3.22696637,2.241665902,2.480800481,27.00816173,8.099482176,-2.472664263e+24,4.038432132e+24,-0.512815635,0.176328045,1.624707988,1.870277298,48.97464778,2.340904866,0.201977404,1.995381518,0.02714915,2.340157728,27.01953253,8.128199806
43,48.99486629,2.809508691,50.72453461,3.204796039,2.241120485,2.479821623,26.99390819,8.087304711,-2.475225544e+24,4.040670886e+24,-0.512899955,0.176067348,1.626422676,1.870139879,48.98718341,2.271873643,0.188807298,1.946146001,-0.001888074,2.368618455,27.00816173,8.099482176
48,49.01607607,2.666703685,50.74391609,3.072102453,2.234695937,2.481177111,26.95513393,8.060134699,-2.486600504e+24,4.048085874e+24,-0.51365973,0.175623469,1.621980542,1.8734306,48.98983951,2.122274753,0.275598086,2.136940653,-0.008449585,2.593797638,26.97099561,8.17097132
20,48.96839123,3.025313981,50.68820357,3.41293235,2.234051359,2.484269875,26.83664217,8.10270905,-2.488225795e+24,4.040915044e+24,-0.514793293,0.17653456,1.622052842,1.873971023,48.99431826,2.160594141,0.206205049,2.001234273,-0.022668857,2.851261873,26.86346965,8.082699491
47,49.0223984,2.580099726,50.75236567,2.991362991,2.241760017,2.478338606,26.9921439,8.067708539,-2.480765329e+24,4.045471195e+24,-0.513314282,0.175658522,1.622467225,1.871358979,48.98558839,2.17701272,0.258946982,2.115782081,0.036434788,2.611340033,26.99300705,8.098354227
42,48.99609273,2.798215668,50.72642269,3.194082643,2.241575606,2.480563286,27.00932349,8.09251735,-2.475589096e+24,4.042231276e+24,-0.51277724,0.176224185,1.625871356,1.870566124,48.98262371,2.296050952,0.197383155,1.97267088,0.005694246,2.509469435,26.99716255,8.123386493
16,49.01838281,2.598076832,50.74060101,3.011756153,2.231818063,2.480992576,26.87648679,8.05734165,-2.490549579e+24,4.042456446e+24,-0.515106744,0.175715733,1.62344041,1.874076155,48.99825415,2.070765305,0.239849782,2.073023967,0.006637616,2.00278847,26.87323727,8.079446416
25,48.71376059,4.645013612,50.42413133,4.994726072,2.223733048,2.487492075,26.70100234,8.317711151,-2.476157987e+24,4.032859657e+24,-0.512216165,0.180016623,1.608557969,1.87513023,48.85181468,2.942413406,0.351934855,2.759534658,-0.092909078,3.810676018,26.80821974,8.155878872
28,48.80570881,3.9916511,50.5061902,4.348281549,2.228146164,2.487772921,26.58036189,8.1180552,-2.477464197e+24,4.05630276e+24,-0.515487369,0.176834156,1.578025962,1.864815175,48.64016043,3.735495078,0.594487728,3.463813602,0.03489042,4.220304388,26.36342469,8.358618128
32,48.63912036,4.840221186,50.34343611,5.188753411,2.23582629,2.490443551,26.66375943,8.30715368,-2.445772752e+24,4.030762251e+24,-0.511526384,0.180337663,1.587870998,1.864984448,48.7117696,3.421633766,0.571278968,3.224411767,-0.072038578,4.298849714,26.51684032,8.273781881
51,48.79514571,4.060311316,50.50146642,4.415038387,2.229257371,2.489132659,26.63985781,8.129063767,-2.468555957e+24,4.045797935e+24,-0.514248019,0.177027425,1.586815833,1.864288617,48.80935165,3.440069757,0.264315005,2.213428018,-0.017626454,3.067040699,26.64984542,8.104001014
36,48.7466708,4.277270416,50.45383134,4.630502556,2.242836463,2.492017117,26.71188112,8.231014572,-2.452866959e+24,4.037295055e+24,-0.512766876,0.178716714,1.58646053,1.866262237,48.67122711,3.932883735,0.376206553,2.799239062,0.031985328,3.351882092,26.68679971,8.354457434
26,48.52772348,5.413171066,50.2174308,5.762732587,2.218605122,2.49434833,26.40826641,8.333739838,-2.463675309e+24,4.052424948e+24,-0.513040944,0.180846884,1.566820997,1.862667212,48.61792786,4.017338644,0.499985992,3.261090211,0.030531601,5.184237895,26.47915917,8.192728404
19,48.80332619,3.983409349,50.49939319,4.340295518,2.225281387,2.490582424,26.53906658,8.113374834,-2.477458332e+24,4.058377242e+24,-0.516382822,0.17717455,1.573156864,1.865113271,48.80269125,3.413024756,0.260506323,2.314791698,0.014008838,3.490811557,26.55572881,8.096529408
43,48.8061951,3.971355639,50.5152633,4.327568737,2.240078534,2.489056861,26.70604897,8.141963071,-2.462804072e+24,4.045387644e+24,-0.513707974,0.177345581,1.587902237,1.865981574,48.78724734,3.582967647,0.227554623,2.160655344,0.008370301,2.496836638,26.69219698,8.175554881
58,48.81584574,3.920172256,50.5244134,4.27770902,2.231644839,2.491276846,26.69071904,8.131248918,-2.465969601e+24,4.04676265e+24,-0.514065749,0.176922021,1.591064202,1.863858964,48.8123696,3.493236874,0.20793421,2.046316429,0.002485656,2.708657473,26.66484776,8.130083276
6,48.80366475,4.011276488,50.50612636,4.366711048,2.230899616,2.489365203,26.59941258,8.119415702,-2.4771736e+24,4.060816795e+24,-0.515261183,0.176783497,1.578049555,1.864624473,48.81315704,3.357167658,0.273741551,2.312091288,-0.007003958,3.424890985,26.57174256,8.094506423
3,48.81564214,3.930416697,50.51741914,4.287767237,2.222724692,2.489879443,26.57174256,8.094506423,-2.478596051e+24,4.062698681e+24,-0.515850769,0.176604553,1.574901984,1.864476407,48.80976478,3.507610559,0.208487855,2.139197766,0.007965685,2.728874452,26.57409454,8.114962899
56,48.82769006,3.8566078,50.53615366,4.214486848,2.240399011,2.488815236,26.68752104,8.112382756,-2.467468593e+24,4.049417699e+24,-0.514207043,0.176651991,1.592000879,1.863459521,48.80751089,3.442290698,0.253820649,2.228226051,0.027104816,2.565753523,26.64282331,8.128016273
44,48.7883947,4.081274456,50.49683967,4.435871084,2.235012277,2.492142643,26.69818922,8.159294004,-2.463284221e+24,4.046489661e+24,-0.513447968,0.177516534,1.587958924,1.865909347,48.79182886,3.559122676,0.227180974,2.15374292,-0.018423625,2.68711713,26.6991116,8.171585727
11,48.81137263,3.96082758,50.51225401,4.317269244,2.22523162,2.488239394,26.58263553,8.110172204,-2.476800567e+24,4.057144784e+24,-0.515594289,0.176795532,1.575980366,1.86479663,48.81575358,3.373799631,0.270406283,2.255314145,-0.009441138,3.720629505,26.60244269,8.113912518
10,48.81995077,3.90987162,50.52172439,4.267807656,2.22709005,2.49231755,26.59206717,8.094050026,-2.478918604e+24,4.064837304e+24,-0.515730413,0.17660346,1.580625983,1.863691236,48.81424199,3.433161717,0.241998812,2.167025024,0.010219724,3.334200227,26.59943929,8.094861075
9,48.80776447,3.990608522,50.51150466,4.346242617,2.230435869,2.488878235,26.61282532,8.107052401,-2.477388786e+24,4.062879181e+24,-0.515126061,0.176771336,1.579028039,1.863450704,48.81225091,3.476341125,0.22061609,2.110075872,-0.005073123,2.483698261,26.59941258,8.119415702
27,48.7724695,4.17941615,50.47129978,4.533285917,2.226411023,2.493259255,26.55368086,8.13960671,-2.474568933e+24,4.064431168e+24,-0.515353806,0.177361674,1.576953788,1.864407182,48.61966361,3.919802192,0.560217448,3.38482473,0.253868983,5.470985891,26.42089094,8.28534497
46,48.7876133,4.090612586,50.49541599,4.444742934,2.239621506,2.488664153,26.68155013,8.153239366,-2.463616053e+24,4.046345286e+24,-0.513643689,0.177408487,1.591329988,1.864096879,48.78189538,3.466546705,0.323998271,2.454068243,0.060270385,4.342175296,26.70604897,8.141963071
14,48.73475917,4.386149069,50.43007631,4.736908121,2.221000882,2.49242401,26.51561452,8.169604291,-2.471459347e+24,4.047077897e+24,-0.515236269,0.178150502,1.573637666,1.863897592,48.79990423,3.253965409,0.374101704,2.619975764,-0.084248937,4.189513936,26.58263553,8.110172204
53,48.79636365,4.060034349,50.50252818,4.414455248,2.232120034,2.49004128,26.64282331,8.128016273,-2.471641899e+24,4.056191026e+24,-0.514175964,0.176881746,1.585101208,1.86486722,48.80272948,3.531223981,0.226596674,2.131635608,-0.013477161,3.284892992,26.65121206,8.114637665
5,48.80999534,3.970515508,50.51313032,4.326772197,2.227807687,2.491203096,26.60195478,8.108677521,-2.476915702e+24,4.065373588e+24,-0.515234291,0.176654346,1.571665807,1.86462488,48.8153768,3.374651596,0.257099098,2.250896183,-0.017032936,3.440712183,26.57598223,8.110315668
31,48.71248564,4.487505788,50.41547469,4.837367265,2.228771055,2.493202386,26.63540223,8.235359887,-2.459672284e+24,4.044240063e+24,-0.51305054,0.179015367,1.581767835,1.86515298,48.73842065,3.332858326,0.537149161,3.113322505,-0.057501252,4.297038169,26.5802059,8.117962167
23,48.70322471,4.548766795,50.39712368,4.899732391,2.22367722,2.493476439,26.47915917,8.192728404,-2.47234582e+24,4.050088895e+24,-0.515265913,0.178630686,1.575259849,1.864442488,48.7638201,3.497571458,0.323987441,2.613625249,-0.062355728,3.554655976,26.51774336,8.132864866
59,48.79797215,4.040357642,50.50549579,4.395033256,2.238891372,2.487386197,26.66238601,8.131955799,-2.467947972e+24,4.049566301e+24,-0.513945477,0.177069839,1.589976665,1.864247635,48.81120316,3.454698876,0.231191936,2.142799459,-0.018917602,3.637892943,26.68752104,8.112382756
4,48.82809355,3.857593742,50.53016325,4.215695706,2.226792986,2.490350335,26.58898905,8.084266822,-2.479003254e+24,4.064178852e+24,-0.515932873,0.176460063,1.57457167,1.865120767,48.81343053,3.428350588,0.228757607,2.178087852,0.012744113,2.837571513,26.57170797,8.101589366
8,48.81292409,3.960321642,50.51657778,4.317335065,2.226011976,2.491897164,26.60232362,8.11380108,-2.477629161e+24,4.060816003e+24,-0.51519145,0.176705353,1.577699332,1.864240045,48.81631672,3.399210319,0.245601597,2.200618656,-0.013331386,2.671844877,26.60195478,8.108677521
54,48.80380435,4.000730761,50.51109268,4.356852907,2.234293755,2.491342109,26.65647801,8.119267717,-2.46816285e+24,4.050269832e+24,-0.514202371,0.176867738,1.589621197,1.864077317,48.8031354,3.47156995,0.252819476,2.234917655,0.008564504,3.526512959,26.63985781,8.129063767
20,48.77238095,4.170495019,50.468142,4.524398798,2.223208025,2.491481927,26.51774336,8.132864866,-2.47664036e+24,4.058605861e+24,-0.516058333,0.177599622,1.571114568,1.865599904,48.79615511,3.404004663,0.280787754,2.405827982,-0.031251188,3.234247913,26.53794367,8.112471875
17,48.79705267,4.032802847,50.49375312,4.388508274,2.224069531,2.490501955,26.53794367,8.112471875,-2.478404029e+24,4.060680422e+24,-0.516164683,0.177135172,1.575074812,1.864138075,48.7943191,3.400889959,0.305678507,2.440543178,-0.023829562,2.787429,26.51561452,8.169604291
16,48.81934631,3.90034484,50.51758268,4.258598936,2.223340105,2.489685334,26.55572881,8.096529408,-2.479035513e+24,4.058161308e+24,-0.516253541,0.176785616,1.574562717,1.865687109,48.79852871,3.346236228,0.329008175,2.485658385,0.014381572,2.758795079,26.56549695,8.108857604
13,48.81537571,3.920654253,50.51432525,4.278489862,2.22753216,2.490127383,26.56549695,8.108857604,-2.47728919e+24,4.058053553e+24,-0.516046118,0.176864258,1.574961971,1.865339356,48.8144977,3.256370997,0.330713045,2.458811467,-0.005234949,3.744727552,26.59219277,8.094158151
40,48.7784208,4.121882943,50.48627978,4.476528095,2.240691275,2.490284426,26.69219698,8.175554881,-2.457705323e+24,4.036944026e+24,-0.513357792,0.177814686,1.589291859,1.865812537,48.76282344,3.634873067,0.267079346,2.34103941,0.012725348,2.799121289,26.71066569,8.200239651
57,48.81344913,3.940219457,50.52192774,4.296992096,2.241422835,2.488989512,26.67892413,8.122581456,-2.466770349e+24,4.04737718e+24,-0.514029703,0.176811485,1.590864389,1.864051521,48.80847318,3.470591924,0.241851876,2.156002855,-0.014225923,2.492100075,26.65647801,8.119267717
18,48.78866942,4.082360934,50.48538435,4.437117688,2.223297062,2.49106306,26.54372275,8.126490302,-2.47689771e+24,4.061217094e+24,-0.51594745,0.177333158,1.57091256,1.86564436,48.78897784,3.452164449,0.2876758,2.418903986,-0.008368769,2.861804791,26.54876884,8.112912516
24,48.59480995,5.087990068,50.28428963,5.437487036,2.21574935,2.494215885,26.42089094,8.28534497,-2.466239464e+24,4.049840744e+24,-0.514228187,0.180119488,1.574286807,1.863516409,48.72211685,3.645766374,0.36980991,2.825878053,-0.112834056,3.905539215,26.51790441,8.128600503
30,48.76887705,4.207395177,50.47297594,4.560228986,2.230707949,2.48785112,26.63130699,8.158759354,-2.466495683e+24,4.042695035e+24,-0.514005732,0.17771713,1.581394334,1.864753094,48.70145498,3.424098319,0.589883059,3.34109316,0.144435624,4.98167611,26.55345618,8.139560662
39,48.7654871,4.19853667,50.47355443,4.551693947,2.239435689,2.491326434,26.70548051,8.190519858,-2.457739658e+24,4.041904115e+24,-0.513082713,0.178083509,1.588726499,1.866454502,48.75009985,3.663436487,0.29040832,2.432366294,0.001959241,3.314732362,26.71188112,8.231014572
34,48.63790353,4.841007779,50.34295417,5.190422669,2.237425009,2.494174147,26.66897205,8.3047581,-2.444308729e+24,4.029344966e+24,-0.511369371,0.180421783,1.587031122,1.86476075,48.67520492,3.759986316,0.487228795,3.054976394,0.020787657,3.531190026,26.63540223,8.235359887
2,48.80838942,3.981305859,50.50945345,4.337692401,2.220758254,2.491621716,26.57598223,8.110315668,-2.479689771e+24,4.063399734e+24,-0.515673681,0.176738655,1.574837421,1.863917157,48.80780566,3.581782578,0.189127961,2.128963666,-0.006089181,2.640027112,0.0,0.0
48,48.82889992,3.856870512,50.53467436,4.215327657,2.23232891,2.490402683,26.64984542,8.104001014,-2.472947962e+24,4.056209481e+24,-0.514731486,0.176465793,1.586766051,1.863973667,48.78867715,3.385443625,0.355217781,2.52758486,0.016521654,3.220634404,26.65705563,8.213524734
21,48.77637792,4.141929896,50.47180092,4.496642717,2.225613947,2.491432752,26.51790441,8.128600503,-2.475961409e+24,4.056618479e+24,-0.516101144,0.177538109,1.575435478,1.864770768,48.78756143,3.412596172,0.297029414,2.488174331,0.003658924,3.075704028,26.54372275,8.126490302
7,48.82690588,3.868379601,50.52990917,4.227075022,2.230672361,2.489270267,26.59943929,8.094861075,-2.479165862e+24,4.063444294e+24,-0.515441877,0.176471938,1.577730736,1.864160137,48.81686033,3.361246143,0.260073993,2.257703849,0.023782814,2.927928971,26.58898905,8.084266822
15,48.80506165,3.992276841,50.50320111,4.348835605,2.228101214,2.488729101,26.54876884,8.112912516,-2.479238314e+24,4.060280118e+24,-0.516047053,0.177044242,1.574786289,1.865501753,48.79693397,3.295358267,0.363993407,2.587554148,0.073124797,3.593447544,26.58718406,8.102326909
1,48.81476352,3.940390286,50.51554263,4.297746172,2.222752597,2.491265426,26.57170797,8.101589366,-2.479049155e+24,4.065589612e+24,-0.515822975,0.176677657,1.578333687,1.864806979,48.80751378,3.673150343,0.164825234,2.182196385,0.014377761,3.194955491,0.0,0.0
50,48.81172561,3.959871493,50.51909288,4.316174184,2.236019359,2.489193773,26.65121206,8.114637665,-2.469573067e+24,4.047096618e+24,-0.514359721,0.176711236,1.590649795,1.864130908,48.80784517,3.397316933,0.286703627,2.305240616,0.011526319,2.846750756,26.68433877,8.132607364
35,48.71480284,4.452726624,50.42184601,4.804187815,2.241593126,2.491858042,26.70684689,8.254893499,-2.452745892e+24,4.038112007e+24,-0.512258405,0.179227046,1.585874852,1.865522174,48.66439007,3.884448562,0.43802437,2.95267787,0.078891845,3.587415026,26.66375943,8.30715368
22,48.76379073,4.218549382,50.45947941,4.572226331,2.221125557,2.49352779,26.51405416,8.141353719,-2.475549534e+24,4.05569975e+24,-0.515879733,0.17775149,1.57540514,1.86507916,48.78090904,3.412851564,0.317201834,2.56118528,-0.012321511,3.409576134,26.53906658,8.113374834
37,48.75971635,4.209719263,50.46752309,4.562678539,2.241556507,2.492138109,26.71066569,8.200239651,-2.455088055e+24,4.038887871e+24,-0.513055867,0.178528048,1.58697722,1.866047792,48.69534631,3.862951266,0.332957703,2.668774984,0.013691749,2.801424883,26.66897205,8.3047581
55,48.80105869,4.020362656,50.50904885,4.375452395,2.234676758,2.48968584,26.66484776,8.130083276,-2.466743472e+24,4.048809232e+24,-0.513930091,0.176926055,1.587802544,1.864276058,48.80100202,3.474066704,0.25335713,2.256893481,-0.002043835,2.743509923,26.65831712,8.122622668
41,48.78812544,4.071923766,50.49611109,4.426658032,2.243048864,2.489316793,26.6991116,8.171585727,-2.45829677e+24,4.036579409e+24,-0.513443569,0.177598822,1.588802796,1.865813787,48.77111437,3.595082899,0.265537749,2.326430143,0.009831314,2.812813568,26.70103845,8.184136982
25,48.50009041,5.523155964,50.1868992,5.874002582,2.217838858,2.495199226,26.36342469,8.358618128,-2.461783531e+24,4.048380957e+24,-0.51314861,0.181434203,1.570979484,1.862865837,48.66765874,3.871542056,0.414685198,3.01908771,-0.097390429,3.882327629,26.51405416,8.141353719
33,48.617638,4.924373681,50.32216651,5.273396961,2.237047509,2.493496438,26.68679971,8.354457434,-2.442027303e+24,4.028281022e+24,-0.510919083,0.181284914,1.584614217,1.865571991,48.67417398,3.567496641,0.595362264,3.34242092,-0.021269597,3.856933196,26.63130699,8.158759354
29,48.63274885,4.920008835,50.32854032,5.268293392,2.218422221,2.491097044,26.51684032,8.273781881,-2.46516849e+24,4.056665884e+24,-0.513354734,0.17977142,1.571829867,1.864138349,48.6476838,3.638700309,0.627789662,3.525346943,-0.177545561,4.890209161,26.40815671,8.333620196
45,48.72926551,4.396693786,50.43514561,4.748220096,2.231265388,2.490189787,26.65705563,8.213524734,-2.459409215e+24,4.046805071e+24,-0.512950444,0.178692755,1.581086637,1.866661052,48.7819978,3.499166014,0.30330251,2.390246306,-0.061694063,4.251409418,26.70005181,8.151496367
47,48.80921229,3.970361414,50.51815271,4.3265815,2.235921278,2.487438172,26.68433877,8.132607364,-2.465292818e+24,4.043597359e+24,-0.513978661,0.177043333,1.586005544,1.86480252,48.78413618,3.447452605,0.327569029,2.470149438,0.022736716,3.292826981,26.69818922,8.159294004
0,48.80026403,4.030686726,50.50116487,4.385845282,2.218073535,2.48989911,26.57409454,8.114962899,-2.477294101e+24,4.06299082e+24,-0.515635483,0.176956436,1.577559897,1.863542056,48.80026403,4.030686726,0.0,0.0,0.0,0.0,0.0,0.0
12,48.8181007,3.920136185,50.5195602,4.277570043,2.225950276,2.493263755,26.58718406,8.102326909,-2.479671639e+24,4.062342837e+24,-0.515830616,0.176706134,1.579547608,1.863784122,48.81399987,3.326184862,0.295559029,2.360424819,0.007306185,3.783368621,26.61294671,8.107162688
52,48.80863771,3.979628967,50.51600534,4.335408891,2.233858556,2.487929779,26.65831712,8.122622668,-2.468715907e+24,4.048864978e+24,-0.514199949,0.176853818,1.584939196,1.864754108,48.80923673,3.484921882,0.229584844,2.132272497,0.014538914,2.74315407,26.64843446,8.129421212
42,48.79800826,4.012263493,50.506893,4.367762002,2.237049376,2.489865881,26.70005181,8.151496367,-2.459790066e+24,4.038219264e+24,-0.513521112,0.177588851,1.588485937,1.865668701,48.77877275,3.581599929,0.254365534,2.265666607,0.010781906,2.664806732,26.70548051,8.190519858
38,48.76382216,4.199259305,50.47159519,4.552464462,2.240176471,2.492031683,26.70103845,8.184136982,-2.457104876e+24,4.040671223e+24,-0.513103608,0.178211661,1.589508171,1.865940351,48.72458314,3.749708012,0.313143624,2.560749856,0.004072097,3.034594478,26.70684689,8.254893499
49,48.80177471,4.029930025,50.50756656,4.384525389,2.232376502,2.487457279,26.64843446,8.129421212,-2.470311424e+24,4.048111609e+24,-0.514231322,0.176906048,1.587371701,1.863663785,48.79135315,3.377889974,0.35333142,2.519880812,-0.027107802,2.68377071,26.68155013,8.153239366
35,48.53711767,5.479130934,50.23094701,5.832503125,2.309753758,2.536507283,26.46522386,8.432386303,-2.546012909e+24,4.176278057e+24,-0.510100689,0.18251214,1.600689391,1.871148383,48.48345041,4.872215319,0.536149717,3.301676336,0.052996984,3.563592952,26.40667268,8.498214846
32,48.44926908,5.85510551,50.13969432,6.211480912,2.305317884,2.533856375,26.40667268,8.498214846,-2.543088065e+24,4.173941983e+24,-0.509275969,0.18415907,1.595662046,1.870903637,48.51454945,4.429545226,0.748202527,3.78663688,-0.048412188,4.922572931,26.30725542,8.455559478
41,48.62420656,5.114155389,50.32009993,5.466299795,2.306080274,2.536292473,26.48148441,8.333157661,-2.556689405e+24,4.187144453e+24,-0.511243554,0.180617676,1.600855035,1.872525573,48.60217556,4.687689865,0.305698044,2.525400326,-0.00393505,2.90753171,26.46134553,8.371690143
26,48.32179313,6.398255207,49.99847089,6.759834297,2.281640715,2.53388146,26.20069027,8.560629725,-2.557779697e+24,4.205944569e+24,-0.509800936,0.185141379,1.58324207,1.871435105,48.36930937,5.311194773,0.588854568,3.558791603,0.080455761,5.540401021,26.24363485,8.467741149
24,48.32745712,6.373812544,50.00186283,6.734539145,2.285580567,2.536492015,26.17157459,8.548244159,-2.558193277e+24,4.199741275e+24,-0.510479371,0.185034227,1.580250365,1.871462032,48.47260239,5.087117963,0.434981272,3.08952175,-0.12074358,4.126603024,26.29700231,8.391179808
34,48.48539004,5.703237345,50.17795003,6.058388736,2.30901132,2.535005153,26.44782837,8.475081821,-2.543005065e+24,4.172397161e+24,-0.509444979,0.183297787,1.596296857,1.872630815,48.49072219,4.711171457,0.626298722,3.524135041,0.04003518,3.825030507,26.39076414,8.436459504
8,48.64048868,5.063156453,50.33059245,5.413961437,2.296649089,2.529290429,26.40437177,8.305849537,-2.567491917e+24,4.199928223e+24,-0.512748751,0.180391649,1.597604692,1.870048854,48.62062346,4.591579709,0.329988011,2.607136441,0.027321268,3.143026677,26.38743914,8.33829713
45,48.57599414,5.336589777,50.26924633,5.688771722,2.304253441,2.530169711,26.45196873,8.388769303,-2.549532997e+24,4.173418942e+24,-0.510785415,0.181616596,1.597093763,1.871273964,48.5938523,4.626930019,0.38850139,2.770928816,-0.024083049,4.828396159,26.46189154,8.364198649
1,48.58994004,5.300752023,50.27671853,5.652128462,2.29422865,2.529477164,26.35374287,8.347474775,-2.56767455e+24,4.202915404e+24,-0.512548372,0.181175145,1.595636032,1.870480847,48.58822003,4.997275942,0.213915915,2.528167607,0.004529343,3.700691815,0.0,0.0
50,48.59577823,5.269845355,50.28684699,5.621819042,2.297837122,2.530920562,26.41203327,8.359359025,-2.557815548e+24,4.186486128e+24,-0.511565273,0.181018383,1.595188335,1.870885951,48.60210299,4.561264949,0.407483855,2.863312414,-0.002564843,3.51370262,26.4377128,8.361211738
46,48.60837117,5.210346996,50.30274439,5.561926072,2.307248831,2.533019149,26.45226819,8.347193374,-2.55851953e+24,4.188397214e+24,-0.511299947,0.180944658,1.595452409,1.872009206,48.59068523,4.604010123,0.417466167,2.857841646,0.033498064,4.761370769,26.4330698,8.347761552
38,48.56986954,5.354648039,50.26491657,5.706935642,2.31162274,2.535837501,26.46134553,8.371690143,-2.550488325e+24,4.177343395e+24,-0.510636617,0.181432797,1.60278705,1.870834731,48.54621774,4.845928375,0.355274588,2.760776446,-0.009099795,3.397703651,26.46522386,8.432386303
28,48.5875216,5.312157697,50.27622225,5.663426229,2.294672163,2.528846771,26.378534,8.356713783,-2.563545473e+24,4.198584841e+24,-0.512197483,0.181484765,1.593506568,1.870540888,48.4027899,4.899381673,0.764153864,3.966222247,0.062001375,5.311371828,26.13429429,8.612861416
16,48.56727396,5.400825212,50.25054456,5.752199192,2.295822059,2.531188936,26.32936834,8.367806415,-2.567743833e+24,4.202544087e+24,-0.512765572,0.181633049,1.591351238,1.87057204,48.56537626,4.644218955,0.468193376,3.061544855,-0.004761397,3.263474857,26.32614162,8.379925964
13,48.55980267,5.434991081,50.2441617,5.786462341,2.295830162,2.531777434,26.32614162,8.379925964,-2.564158854e+24,4.19408565e+24,-0.512584788,0.181839636,1.590286488,1.870526849,48.59921364,4.483585145,0.469085988,3.030898649,-0.054361999,4.733164869,26.36661221,8.318987033
40,48.62766238,5.095414987,50.32403498,5.447227831,2.309553531,2.533195252,26.47877697,8.323316575,-2.555614988e+24,4.184837944e+24,-0.511389824,0.180569595,1.604414928,1.871648393,48.58940578,4.733224599,0.311769442,2.559237794,0.016933272,3.139984768,26.48092031,8.381079911
19,48.55393132,5.458609351,50.23735433,5.810874536,2.291906958,2.533691199,26.32199959,8.386888009,-2.564989312e+24,4.194985411e+24,-0.512601198,0.182032026,1.590267643,1.871952497,48.56931291,4.785827025,0.357505978,2.749466148,-0.022315081,3.936855378,26.32936834,8.367806415
43,48.58344019,5.312039641,50.27714912,5.664056851,2.307304753,2.532362474,26.4330698,8.347761552,-2.553650766e+24,4.182483161e+24,-0.511061459,0.181254535,1.597670621,1.870988731,48.60650864,4.686499835,0.296511015,2.499559892,-0.003808874,3.103444285,26.47877697,8.323316575
25,48.24680166,6.669176671,49.91801512,7.033685663,2.279613647,2.536345956,26.13429429,8.612861416,-2.554189069e+24,4.198590105e+24,-0.509546507,0.186103818,1.577751516,1.871486551,48.41327667,5.256098438,0.491706542,3.295307876,-0.083847702,4.418293468,26.28493127,8.426173844
29,48.46354984,5.841909288,50.14779286,6.197492695,2.286953146,2.535657421,26.30725542,8.455559478,-2.556909783e+24,4.190028197e+24,-0.510943215,0.183145904,1.588313225,1.870737099,48.43000845,4.712959242,0.803094196,4.035345785,-0.128429387,5.576690864,26.20069027,8.560629725
3,48.62101466,5.156118126,50.30900969,5.506980457,2.29950256,2.530409214,26.38220373,8.325969991,-2.568937931e+24,4.205514046e+24,-0.512853044,0.180810904,1.594031642,1.871884253,48.60202121,4.781207271,0.273176624,2.476483364,0.010637409,3.075528863,26.35512493,8.36426475
10,48.61200139,5.192608178,50.29931533,5.54294748,2.294908229,2.530500119,26.36670528,8.319078555,-2.56753657e+24,4.201568743e+24,-0.512861285,0.180767479,1.595675451,1.870036732,48.62167504,4.572893786,0.338310958,2.631902554,-0.014489496,3.886751651,26.39042963,8.328068825
0,48.58650002,5.318359562,50.27218919,5.66972349,2.292020157,2.529351555,26.35512493,8.36426475,-2.566694615e+24,4.198774021e+24,-0.512558833,0.181295042,1.594559753,1.870233326,48.58650002,5.318359562,0.0,0.0,0.0,0.0,0.0,0.0
12,48.61162447,5.192719252,50.2985237,5.5435754,2.297055095,2.530625163,26.36349107,8.324386903,-2.567087171e+24,4.201375591e+24,-0.512976976,0.180986675,1.593870768,1.871323396,48.61535768,4.51395096,0.399118342,2.815889071,0.023440106,4.435283838,26.39342299,8.315469645
27,48.530376,5.56166336,50.21422087,5.914172012,2.296017592,2.531167925,26.33352638,8.405190422,-2.564505385e+24,4.20119815e+24,-0.511935925,0.182321776,1.594825526,1.870436334,48.37410971,5.126415692,0.704661129,3.829011258,0.215749987,6.2103589,26.17157459,8.548244159
42,48.58644853,5.29509149,50.280958,5.647421604,2.309640686,2.532484767,26.46189154,8.364198649,-2.554211958e+24,4.184997727e+24,-0.510697572,0.181262187,1.599113063,1.87203878,48.60379451,4.678894789,0.309730925,2.53823389,-0.039141935,3.17855391,26.48825942,8.349709908
22,48.50637428,5.656666486,50.18692022,6.010397817,2.289467464,2.53534299,26.28493127,8.426173844,-2.562858543e+24,4.200012013e+24,-0.512368219,0.182719684,1.584734557,1.872173397,48.54436489,4.849237605,0.390252382,2.869699954,-0.036239319,3.574662646,26.32199959,8.386888009
59,48.58954243,5.299698133,50.28183898,5.651247812,2.296552265,2.534472861,26.42200505,8.350309355,-2.558715762e+24,4.190829701e+24,-0.511319518,0.181107957,1.596990091,1.871908946,48.59844859,4.712569814,0.321470196,2.5935988,-0.002104518,4.381370016,26.4397609,8.35682447
18,48.57645895,5.353698294,50.25966941,5.705385145,2.289903603,2.531763463,26.32948996,8.365590384,-2.562975767e+24,4.193416812e+24,-0.512949991,0.1815959,1.590743101,1.870575427,48.56187774,4.773595382,0.387149699,2.850321899,-0.00184905,3.428267678,26.3348325,8.363943301
4,48.62491877,5.137430769,50.31328068,5.488219317,2.295142737,2.529235919,26.38655202,8.324478171,-2.567474871e+24,4.202187753e+24,-0.512849998,0.180758194,1.594949071,1.871250016,48.60660072,4.690018991,0.305971558,2.554422787,0.004270984,3.338336821,26.35374287,8.347474775
33,48.4465451,5.860888598,50.13791485,6.217487152,2.307062031,2.535523396,26.43396686,8.518476589,-2.540929092e+24,4.171620366e+24,-0.508871321,0.184189467,1.599465954,1.871859769,48.48635415,4.544800058,0.748956123,3.817872427,-0.001779472,4.512986558,26.41732636,8.377051422
56,48.59747342,5.269844203,50.28998473,5.621459029,2.303496369,2.533472096,26.4397609,8.35682447,-2.559649725e+24,4.18807247e+24,-0.511345337,0.180993901,1.599995871,1.871414181,48.60661201,4.645401541,0.347321529,2.655467161,-0.026536371,3.042465598,26.40739333,8.338056277
21,48.54162965,5.510455453,50.22315954,5.863177174,2.291985542,2.535050865,26.29700231,8.391179808,-2.566698399e+24,4.203331136e+24,-0.512715352,0.182141525,1.587832236,1.872503908,48.55858516,4.80469328,0.374893608,2.819663213,-0.002266659,3.459843031,26.32948996,8.365590384
7,48.6143044,5.186245035,50.30327118,5.537109039,2.294355703,2.532190532,26.39042963,8.328068825,-2.565600112e+24,4.198620886e+24,-0.512520694,0.180771905,1.59564639,1.870527312,48.61672866,4.583668743,0.350562005,2.666696907,-0.003102918,3.523180855,26.38655202,8.324478171
15,48.5714247,5.383220093,50.25530595,5.734356207,2.293140128,2.532712183,26.3348325,8.363943301,-2.567637486e+24,4.200709959e+24,-0.512767484,0.181583071,1.59109289,1.87098256,48.56953915,4.570442773,0.505533395,3.154149929,0.055615926,4.146649037,26.36349107,8.324386903
20,48.54343026,5.504668224,50.2254262,5.857231794,2.293116703,2.535921593,26.29227779,8.381033911,-2.56738968e+24,4.203608748e+24,-0.51276979,0.182091715,1.585967265,1.872035452,48.56371402,4.781610225,0.376077762,2.815506232,-0.011928132,3.592442438,26.33596938,8.3589934
52,48.60809743,5.22141544,50.30035475,5.572362378,2.296490275,2.531281101,26.42592459,8.330636461,-2.561259861e+24,4.192866671e+24,-0.5115464,0.180701393,1.595436715,1.872019744,48.60217088,4.670336909,0.335681222,2.649482893,0.01065274,3.18093442,26.42101068,8.354361048
14,48.51675549,5.617553971,50.19969003,5.970791144,2.292305951,2.532275154,26.30630227,8.405251121,-2.563485414e+24,4.197236212e+24,-0.511959584,0.182360366,1.588123714,1.871537276,48.57766156,4.497333793,0.523170799,3.202408116,-0.044471668,5.190545886,26.36500154,8.358223241
51,48.59867061,5.263394207,50.28970201,5.614283905,2.295097853,2.531570997,26.41222567,8.338019396,-2.560665646e+24,4.194113536e+24,-0.511563141,0.180775882,1.594179361,1.871621322,48.60016288,4.610584504,0.389772389,2.790363529,0.00285502,3.701098016,26.42190414,8.336639659
31,48.49893018,5.679860216,50.18810651,6.033557743,2.301639271,2.531545932,26.39076414,8.436459504,-2.55520207e+24,4.192177833e+24,-0.510376058,0.182862932,1.600563191,1.870175912,48.53077083,4.383530498,0.737387449,3.744693332,-0.077050862,5.231756032,26.378534,8.356713783
57,48.59058082,5.293834424,50.28274379,5.645483298,2.303294385,2.53271135,26.42397057,8.349665822,-2.558742069e+24,4.190408262e+24,-0.511280099,0.181104642,1.596292054,1.871552558,48.60310869,4.66381206,0.346822958,2.651045435,-0.007240942,3.179162472,26.42608324,8.337659084
58,48.59085914,5.294208046,50.28394349,5.646268763,2.303423917,2.533277798,26.43095891,8.347235503,-2.55991148e+24,4.193694889e+24,-0.51117809,0.181038754,1.596928142,1.871711418,48.60188777,4.738117799,0.293174139,2.497591533,0.001199701,3.042576769,26.44003185,8.328064376
6,48.6170997,5.174242173,50.3063741,5.525270192,2.29991418,2.526080068,26.395977,8.322508047,-2.566228612e+24,4.201249877e+24,-0.512549481,0.180728712,1.596373093,1.870700799,48.6159938,4.576596309,0.358777565,2.689882148,0.011014437,3.993513068,26.38220373,8.325969991
44,48.59917209,5.240932717,50.29332937,5.593135384,2.308777709,2.533640561,26.44558292,8.350317931,-2.555936877e+24,4.187023913e+24,-0.511247585,0.181051453,1.602218452,1.870804469,48.60418595,4.712064254,0.289177334,2.47439111,0.016180251,3.184686313,26.48148441,8.333157661
11,48.5880884,5.311989631,50.27508359,5.663122149,2.294906569,2.529806371,26.36500154,8.358223241,-2.566579287e+24,4.200524324e+24,-0.512385946,0.18120553,1.593668229,1.87039113,48.61590058,4.560548613,0.371630869,2.721191653,-0.02426074,4.402713021,26.40428312,8.305756412
54,48.60673831,5.222007773,50.29860023,5.573724497,2.300322371,2.532006946,26.42608324,8.337659084,-2.560013216e+24,4.191321793e+24,-0.511501007,0.180896779,1.59541098,1.871884104,48.60124966,4.670897612,0.345004832,2.658854599,0.010361189,4.130272474,26.41222567,8.338019396
47,48.59805741,5.264301809,50.29123154,5.616157662,2.30285616,2.531469564,26.4377128,8.361211738,-2.559602505e+24,4.18737128e+24,-0.511137312,0.1810322,1.592697879,1.872401139,48.593007,4.56802921,0.434933766,2.912664468,-0.011512853,3.918757523,26.44558292,8.350317931
9,48.62448104,5.143255611,50.31380483,5.493880673,2.29771541,2.530645869,26.3935129,8.315562415,-2.566625132e+24,4.199719369e+24,-0.512566628,0.180574412,1.595585223,1.870500603,48.62053591,4.628495451,0.303262741,2.530532991,-0.016787625,3.149984353,26.395977,8.322508047
49,48.59846638,5.263996563,50.28941183,5.61531481,2.298393292,2.531175955,26.42101068,8.354361048,-2.56180446e+24,4.194010972e+24,-0.511641345,0.180929676,1.594093573,1.871387222,48.59814617,4.471168559,0.479083796,3.054412563,-0.011794681,3.377991061,26.45226819,8.347193374
37,48.57835381,5.308454933,50.27401636,5.660911606,2.308235925,2.536120694,26.48092031,8.381079911,-2.549830473e+24,4.178357572e+24,-0.5105761,0.181475452,1.604256852,1.870996392,48.52155285,4.917820711,0.375450613,2.8549506,0.018870153,3.102457294,26.44782837,8.475081821
17,48.5774756,5.353818992,50.26151846,5.705084147,2.292034347,2.53201709,26.33596938,8.3589934,-2.567341046e+24,4.202156335e+24,-0.512952618,0.181630304,1.592080024,1.870615655,48.55854648,4.7245954,0.434225745,2.981044358,0.010973901,3.549837014,26.30630227,8.405251121
53,48.59696374,5.275728831,50.28823904,5.626998546,2.298475767,2.530570679,26.40739333,8.338056277,-2.562584088e+24,4.193439238e+24,-0.511757497,0.180912431,1.595425614,1.872207457,48.59959528,4.702139722,0.327324034,2.612550139,-0.01211571,4.039605885,26.41203327,8.359359025
55,48.62378715,5.142932217,50.3165211,5.493973142,2.299196617,2.532976404,26.44003185,8.328064376,-2.560885037e+24,4.190980305e+24,-0.511765766,0.180656951,1.595817817,1.872122479,48.60685145,4.660203582,0.330797643,2.621744429,0.017920878,3.114449945,26.42592459,8.330636461
36,48.56035766,5.385372092,50.25514621,5.738277853,2.310625974,2.536503663,26.47783343,8.407970164,-2.548960175e+24,4.177940872e+24,-0.510312827,0.182053704,1.604197482,1.871843729,48.49573591,4.939760189,0.443448293,3.05778166,0.024199197,3.525073252,26.43396686,8.518476589
5,48.60630576,5.228566205,50.29535966,5.579749536,2.294783648,2.529980328,26.38743914,8.33829713,-2.565610108e+24,4.200578861e+24,-0.512269389,0.181044757,1.595569988,1.870966301,48.61056187,4.627065203,0.341958092,2.645384475,-0.017921011,3.993128074,26.37146214,8.332533401
23,48.44412062,5.916808655,50.12260641,6.27275373,2.287616985,2.534897556,26.24363485,8.467741149,-2.561883748e+24,4.200741377e+24,-0.511636357,0.183485149,1.584600802,1.871632363,48.51789723,4.954527178,0.395769493,2.92037023,-0.064313812,3.80800847,26.29227779,8.381033911
30,48.57347652,5.365838008,50.26515737,5.718276405,2.298631328,2.53270944,26.41732636,8.377051422,-2.558891702e+24,4.186110788e+24,-0.51129348,0.181370359,1.596002782,1.871323145,48.49534342,4.491096629,0.766212958,3.868389013,0.117364508,5.653067222,26.33352638,8.405190422
39,48.61078553,5.17532364,50.30710171,5.52732964,2.311631391,2.534974013,26.48825942,8.349709908,-2.555258498e+24,4.185053073e+24,-0.51100143,0.181056748,1.60842532,1.871035221,48.57129684,4.780860357,0.330907051,2.642952578,0.042185144,3.319146825,26.47783343,8.407970164
2,48.6106301,5.205119356,50.29837228,5.556230108,2.296597173,2.529114357,26.37146214,8.332533401,-2.56912636e+24,4.204802305e+24,-0.512764632,0.180884004,1.597645448,1.870681022,48.59569005,4.87723258,0.243809558,2.449024947,0.021653749,3.095229815,0.0,0.0
48,48.60984176,5.209839123,50.30120651,5.5608683,2.298071396,2.528556838,26.42190414,8.336639659,-2.561314091e+24,4.190080326e+24,-0.511753585,0.180837259,1.594751211,1.8714932,48.59828732,4.467338494,0.485456361,3.050493792,0.009974975,4.252818242,26.45196873,8.388769303
